"","rstudent","unadjusted_p","bonferroni_p"
"112",5.93301840882105,7.99287880853656e-09,2.51775682468902e-06
"94",5.78792844630323,1.75410819871032e-08,5.52544082593749e-06
"257",4.53340620391765,8.31927319817504e-06,0.00262057105742514
