"","rstudent","unadjusted_p","bonferroni_p"
"411",3.96375306369998,8.20251466266589e-05,0.053398370453955
