"","rstudent","unadjusted_p","bonferroni_p"
"211",2.26932144315628,0.0235781646531637,15.3493851892096
